player	injury	position	team	games	fga	fg	threepm	fgp	fta	ftm	ftp	ppg	apg	rbpg	spg	bpg	mpg
"Achiuwa, Precious"		F	MIA														
"Adams, Jaylen"		G	MIL														
"Adams, Steven"		C	NO	58	443	262	1	59.1	183	108	59	10.9	2.4	9.4	0.9	1.1	26.97
"Adebayo, Bam"		"F,C"	MIA	65	719	408	1	56.7	342	236	69	16.2	5.1	10.5	1.2	1.3	34.35
"Aldridge, LaMarcus"		"C,F"	SA	53	794	391	61	49.2	191	158	82.7	18.9	2.4	7.4	0.7	1.6	33.15
"Alexander, Kyle"		F	MIA														
"Alexander-Walker, Nickeil"		G	NO	41	227	77	40	33.9	28	17	60.7	5.1	1.8	2	0.3	0.2	12.17
"Allen, Grayson"		G	MEM	30	176	79	33	44.9	35	30	85.7	7.4	1.4	2.2	0.2	0	16.63
"Allen, Jarrett"		C	BKN	64	413	267	0	64.6	237	147	62	10.6	1.3	9.5	0.6	1.3	25.78
"Allen, Kadeem"		G	NY	10	44	19	5	43.2	11	7	63.6	5	2.1	0.9	0.5	0.2	11.8
"Aminu, Al-Farouq"		F	ORL	18	86	25	9	29.1	29	19	65.5	4.3	1.2	4.8	1	0.4	21.17
"Anderson, Justin"		G	PHI	3	6	1	0	16.7	2	1	50	1	0	0.7	0	0.3	5.67
"Anderson, Kyle"		F	MEM	59	280	138	16	49.3	66	43	65.2	5.7	2.2	4.4	0.8	0.5	19.31
"Anderson, Ryan"		"C,F"	HOU	2	7	2	1	28.6	0	0	0	2.5	1	3.5	0.5	0	7
"Antetokounmpo, Giannis"		F	MIL	57	1139	623	83	54.7	570	361	63.3	29.6	5.8	13.7	1.1	1	30.88
"Antetokounmpo, Kostas"		F	LAL	3	0	0	0	0	0	0	0	0	0.3	0.3	0	0	1.33
"Antetokounmpo, Thanasis"		F	MIL	18	36	19	0	52.8	15	7	46.7	2.5	0.5	1.1	0.3	0.1	5.17
"Anthony, Carmelo"		F	POR	50	679	289	72	42.6	134	113	84.3	15.3	1.6	6.3	0.8	0.5	32.46
"Anthony, Cole"		G	ORL														
"Anunoby, OG"		F	TOR	63	527	267	82	50.7	86	59	68.6	10.7	1.6	5.4	1.4	0.7	30.16
"Arcidiacono, Ryan"		G	CHI	58	220	90	54	40.9	38	27	71.1	4.5	1.7	1.9	0.5	0.1	16.03
"Ariza, Trevor"		F	OKC	53	324	142	77	43.8	74	62	83.8	8	1.7	4.6	1.3	0.3	28.09
"Augustin, D.J."		G	MIL	49	397	156	60	39.3	157	139	88.5	10.4	4.6	2.2	0.6	0	24.76
"Avdija, Deni"		F	WAS														
"Ayton, Deandre"		C	PHO	30	465	255	0	54.8	78	60	76.9	19	1.9	12	0.7	1.7	33.17
"Azubuike, Udoka"		C	UTH														
"Bacon, Dwayne"		G	ORL	39	244	85	19	34.8	53	35	66	5.7	1.3	2.6	0.6	0.1	17.67
"Bagley, Marvin"		F	SAC	13	167	78	4	46.7	31	25	80.6	14.2	0.8	7.5	0.5	0.9	25.62
"Ball, LaMelo"		G	CHA														
"Ball, Lonzo"		G	NO	56	628	259	139	41.2	67	38	56.7	12.4	7	6.2	1.4	0.5	32.41
"Bamba, Mo"		C	ORL	60	282	132	37	46.8	46	31	67.4	5.5	0.7	5	0.4	1.4	14.48
"Bane, Desmond"		G	MEM														
"Barea, J.J."		G	DAL	26	179	74	29	41.3	18	17	94.4	7.5	3.8	1.8	0.2	0.1	15.15
"Barnes, Harrison"		F	SAC	64	711	326	93	45.9	244	196	80.3	14.7	2.4	4.8	0.6	0.2	34.83
"Barrett, RJ"		G	NY	56	727	292	63	40.2	254	156	61.4	14.3	2.6	5	1	0.3	30.45
"Barton, Will"		F	DEN	58	738	332	108	45	133	102	76.7	15.1	3.7	6.3	1.1	0.5	33.07
"Bates-Diop, Keita"		F	SA	39	208	89	31	42.8	69	49	71	6.6	0.8	2.9	0.4	0.5	17.03
"Batum, Nicolas"		F	LAC	22	81	28	14	34.6	10	9	90	3.6	3	4.5	0.8	0.4	23.09
"Baynes, Aron"		"C,F"	TOR	42	381	183	59	48	75	56	74.7	11.5	1.6	5.6	0.2	0.5	22.29
"Bazemore, Kent"		G	GS	64	495	185	78	37.4	142	109	76.8	8.7	1.3	4.3	1.1	0.6	25.08
"Bazley, Darius"		F	OKC	53	230	88	30	38.3	47	32	68.1	4.5	0.5	3.7	0.4	0.7	17.17
"Beal, Bradley"		G	WAS	57	1303	593	170	45.5	457	385	84.2	30.5	6.1	4.2	1.2	0.4	35.98
"Beasley, Malik"		G	MIN	55	534	227	107	42.5	66	54	81.8	11.2	1.4	2.7	0.7	0.1	22.04
"Belinelli, Marco"		G	SA	52	271	106	57	39.1	41	32	78	5.8	1.2	1.7	0.2	0	14.9
"Bell, Jordan"		"C,F"	LAL	29	67	35	4	52.2	31	19	61.3	3.2	0.6	2.8	0.1	0.3	8.86
"Bembry, DeAndre'"		G	TOR	43	228	104	15	45.6	48	26	54.2	5.8	1.9	3.5	1.3	0.4	21.26
"Bender, Dragan"		F	GS	16	92	41	15	44.6	14	10	71.4	6.7	1.8	4.6	0.3	0.6	17.81
"Bertans, Davis"		F	WAS	54	610	265	200	43.4	122	104	85.2	15.4	1.7	4.5	0.7	0.6	29.28
"Beverley, Patrick"		G	LAC	48	325	139	75	42.8	41	27	65.9	7.9	3.7	5.4	1.1	0.5	27.04
"Bey, Saddiq"		F	DET														
"Bey, Tyler"		F	DAL														
"Birch, Khem"		C	ORL	40	115	56	0	48.7	67	41	61.2	3.8	0.9	4.5	0.4	0.5	19.43
"Bitadze, Goga"		C	IND	49	129	61	6	47.3	33	24	72.7	3.1	0.4	2	0.1	0.7	8.39
"Biyombo, Bismack"		C	CHA	53	278	151	0	54.3	151	91	60.3	7.4	0.9	5.8	0.2	0.9	19.43
"Bjelica, Nemanja"		F	SAC	64	605	287	125	47.4	73	60	82.2	11.9	2.8	6.4	0.8	0.5	28.48
"Bledsoe, Eric"		G	NO	56	662	319	70	48.2	193	157	81.3	15.4	5.4	4.6	0.9	0.4	27.21
"Bogdanovic, Bogdan"		G	ATL	53	639	277	137	43.3	105	76	72.4	14.5	3.2	3.2	1	0.3	28.53
"Bogdanovic, Bojan"		F	UTH	63	935	418	189	44.7	277	250	90.3	20.2	2.1	4.1	0.5	0.1	33.05
"Bol, Bol"		C	DEN														
"Bolden, Jonah"		F	PHO	7	11	4	0	36.4	4	2	50	1.4	0	1.3	0.4	0.3	6.71
"Bolden, Marques"		C	CLE	1	0	0	0	0	0	0	0	0	0	2	1	0	3
"Bolmaro, Leandro"		G	MIN														
"Bone, Jordan"		G	ORL	10	20	5	2	25	0	0	0	1.2	0.8	0.4	0.1	0	5.4
"Bonga, Isaac"		G	WAS	58	184	96	22	52.2	64	52	81.3	4.6	1.1	3.2	0.6	0.4	17.67
"Booker, Devin"		G	PHO	62	1118	544	126	48.7	442	405	91.6	26.1	6.6	4.2	0.7	0.3	36.08
"Boucher, Chris"		F	TOR	55	260	119	28	45.8	103	82	79.6	6.3	0.4	4.4	0.4	1	13.16
"Bowen, Brian"	Out	G	IND	5	9	2	0	22.2	0	0	0	0.8	0	1.4	0	0.2	5.8
"Bowman, Ky"		G	LAC	45	321	134	33	41.7	41	34	82.9	7.4	2.9	2.7	1	0.2	22.6
"Bradley, Avery"		G	MIA	49	383	170	63	44.4	24	20	83.3	8.6	1.3	2.3	0.9	0.1	24.18
"Bradley, Tony"		C	PHI	50	155	103	1	66.5	40	26	65	4.7	0.3	4.3	0.2	0.5	10.64
"Brantley, Jarrell"		F	UTH	5	0	0	0	0	0	0	0	0	0.2	1	0	0.4	3
"Brazdeikis, Ignas"		F	NY	9	22	6	1	27.3	5	4	80	1.9	0.4	0.6	0	0.1	5.89
"Bridges, Mikal"		F	PHO	65	407	210	56	51.6	105	89	84.8	8.7	1.8	4	1.4	0.6	27.25
"Bridges, Miles"		F	CHA	65	753	319	99	42.4	131	106	80.9	13	1.8	5.6	0.6	0.7	30.69
"Brissett, Oshae"		F	TOR	19	36	13	3	36.1	10	8	80	1.9	0.4	1.4	0.2	0.1	7.11
"Broekhoff, Ryan"		G	PHI	17	59	22	20	37.3	8	7	87.5	4.2	0.6	2.5	0.3	0.2	10.59
"Brogdon, Malcolm"		G	IND	48	659	289	61	43.9	162	145	89.5	16.3	7.1	4.7	0.7	0.2	30.65
"Brooks, Dillon"		G	MEM	65	925	372	132	40.2	178	144	80.9	15.7	2	3.3	0.9	0.4	28.48
"Brown, Bruce"		G	BKN	58	447	198	33	44.3	119	88	73.9	8.9	4	4.7	1.1	0.5	28.19
"Brown, Charles"		G	ATL	10	19	6	3	31.6	5	5	100	2	0.2	0.4	0.2	0.2	4
"Brown, Jaylen"		F	BOS	50	772	378	107	49	216	159	73.6	20.4	2.2	6.4	1.1	0.3	34
"Brown, Moses"		C	OKC	9	10	4	0	40	8	3	37.5	1.2	0.1	1.6	0.1	0.1	3.44
"Brown, Sterling"		F	HOU	45	218	80	36	36.7	35	27	77.1	5	1	3.7	0.5	0.2	14.8
"Brown, Troy"		G	WAS	61	506	229	50	45.3	114	86	75.4	9.7	2.3	5.3	1.2	0.1	24.9
"Brunson, Jalen"		G	DAL	57	388	181	43	46.6	75	61	81.3	8.2	3.3	2.4	0.4	0.1	17.84
"Bryant, Thomas"		C	WAS	38	307	184	22	59.9	95	70	73.7	12.1	1.9	6.8	0.4	0.9	23.61
"Bullock, Reggie"		G	NY	29	224	90	37	40.2	21	17	81	8.1	1.4	2.3	0.9	0.1	23.52
"Burke, Trey"		G	DAL	25	127	59	16	46.5	18	13	72.2	5.9	2.1	1.4	0.3	0	13.16
"Burks, Alec"		G	NY	59	701	283	100	40.4	251	225	89.6	15.1	2.9	4.5	1	0.3	27.31
"Burton, Deonte"		G	OKC	34	105	39	10	37.1	12	6	50	2.8	0.3	1.4	0.1	0.3	8.38
"Butler, Jimmy"		F	MIA	54	723	328	29	45.4	490	408	83.3	20.2	6.1	6.6	1.7	0.5	34.24
"Caboclo, Bruno"		"C,F"	HOU	27	77	32	4	41.6	5	4	80	2.7	0.4	2	0.4	0.6	8.15
"Cacok, Devontae"		C	LAL														
"Caldwell-Pope, Kentavious"		G	LAL	63	466	220	87	47.2	95	74	77.9	9.5	1.7	2.1	0.8	0.2	25.44
"Campazzo, Facundo"		G	DEN														
"Cancar, Vlatko"		F	DEN	14	15	6	1	40	4	4	100	1.2	0.2	0.7	0.1	0.1	3.29
"Capela, Clint"		"C,F"	ATL	39	388	244	0	62.9	104	55	52.9	13.9	1.2	13.8	0.8	1.8	32.85
"Carey, Vernon"		"F,C"	CHA														
"Carroll, DeMarre"		F	HOU	21	54	21	7	38.9	36	24	66.7	3.5	0.9	2.2	0.2	0.2	10.9
"Carter, Jevon"		G	PHO	50	205	82	46	40	25	21	84	4.6	1.3	2	0.8	0.3	15.06
"Carter, Vince"		F	ATL	60	304	107	61	35.2	29	23	79.3	5	0.8	2.1	0.4	0.4	14.57
"Carter, Wendell"		C	CHI	43	343	183	6	53.4	152	112	73.7	11.3	1.2	9.4	0.8	0.8	29.19
"Carter-Williams, Michael"		G	ORL	42	242	105	20	43.4	87	72	82.8	7.2	2.4	3.3	1.1	0.5	18.38
"Caruso, Alex"		G	LAL	58	260	110	38	42.3	76	58	76.3	5.4	1.8	1.9	1	0.3	17.78
"Cauley-Stein, Willie"		C	DAL	54	302	175	0	57.9	66	40	60.6	7.2	1.3	5.8	0.9	1.1	20.28
"Chandler, Tyson"		C	HOU	26	18	14	0	77.8	13	6	46.2	1.3	0.2	2.5	0.2	0.3	8.46
"Chandler, Wilson"		F	BKN	35	183	74	37	40.4	23	20	87	5.9	1.1	4.1	0.5	0.3	20.94
"Chealey, Joe"		G	CHA	4	7	0	0	0	2	2	100	0.5	0.3	0	1	0	8.25
"Cheatham, Zylan"		F	OKC	3	5	2	0	40	0	0	0	1.3	0.7	2	0	0.3	10.33
"Childs, Yoeli"		F	FA														
"Chiozza, Chris"		G	BKN	21	79	32	18	40.5	2	2	100	4	2.3	1.7	0.7	0.1	11.81
"Chriss, Marquese"		F	GS	59	385	210	8	54.5	156	120	76.9	9.3	1.9	6.2	0.7	1.1	20.29
"Clark, Gary"		F	ORL	35	101	38	28	37.6	9	8	88.9	3.2	0.4	2.4	0.1	0.4	12.09
"Clarke, Brandon"		F	MEM	50	408	254	21	62.3	93	73	78.5	12	1.4	5.8	0.5	0.8	21.72
"Clarkson, Jordan"		G	UTH	63	753	350	130	46.5	145	122	84.1	15.1	2	2.7	0.7	0.2	24.3
"Claxton, Nicolas"	Out	F	BKN	15	48	27	1	56.3	21	11	52.4	4.4	1.1	2.9	0.1	0.5	12.53
"Clemons, Chris"		G	HOU	29	126	51	33	40.5	7	6	85.7	4.9	0.8	0.8	0.2	0.2	8.72
"Cleveland, Antonius"		G	DAL	6	6	2	0	33.3	2	1	50	0.8	0	0.5	0.2	0.2	3.67
"Coffey, Amir"		G	LAC	13	33	13	1	39.4	3	1	33.3	2.2	0.7	1.1	0.1	0.1	7.62
"Collins, John"		"F,C"	ATL	41	605	353	59	58.3	150	120	80	21.6	1.5	10.1	0.8	1.6	33.2
"Collins, Zach"	Out	"F,C"	POR	3	19	9	3	47.4	6	6	100	9	2	4	0	0.7	28.67
"Conley, Mike"		G	UTH	41	486	197	80	40.5	117	93	79.5	13.8	4.3	3.2	0.8	0.1	28.46
"Connaughton, Pat"		G	MIL	61	261	119	44	45.6	36	27	75	5.1	1.6	4.2	0.3	0.5	18.31
"Cook, Quinn"		G	LAL	38	173	76	25	43.9	9	6	66.7	4.8	1.1	1.1	0.3	0	10.68
"Cook, Tyler"		F	MIN	11	10	7	0	70	6	5	83.3	1.7	0.1	0.9	0.1	0	3.09
"Cousins, DeMarcus"		C	HOU														
"Covington, Robert"		"F,C"	POR	62	648	280	148	43.2	108	86	79.6	12.8	1.2	6.4	1.5	1.3	30.1
"Crabbe, Allen"		G	MIN	37	177	63	36	35.6	14	10	71.4	4.6	0.9	2.1	0.4	0.1	17.65
"Craig, Torrey"		F	MIL	50	208	96	36	46.2	31	20	64.5	5	0.7	3.1	0.4	0.6	17.38
"Crawford, Jamal"		G	BKN														
"Crowder, Jae"		F	PHO	58	513	197	113	38.4	121	95	78.5	10.4	2.6	6.1	1.2	0.4	29.26
"Culver, Jarrett"		G	MIN	63	569	230	66	40.4	117	54	46.2	9.2	1.7	3.4	0.9	0.6	23.92
"Curry, Seth"		G	PHI	59	532	266	136	50	88	74	84.1	12.6	2	2.3	0.6	0.1	24.54
"Curry, Stephen"		G	GS	5	82	33	12	40.2	26	26	100	20.8	6.6	5.2	1	0.4	27.8
"Daniels, Troy"		G	DEN	42	159	62	40	39	16	10	62.5	4.1	0.3	1.1	0.2	0.1	10.86
"Davis, Anthony"		"F,C"	LAL	55	994	508	65	51.1	457	386	84.5	26.7	3.1	9.4	1.5	2.4	34.36
"Davis, Ed"		C	MIN	25	34	14	0	41.2	11	5	45.5	1.3	0.3	3.8	0.4	0.4	10.72
"Davis, Terence"		G	TOR	64	391	181	88	46.3	52	45	86.5	7.7	1.7	3.4	0.5	0.2	17.02
"Dedmon, Dewayne"		C	DET	44	255	102	22	40	36	30	83.3	5.8	0.5	5.7	0.6	0.9	17.64
"Dellavedova, Matthew"		G	CLE	57	175	62	21	35.4	37	32	86.5	3.1	3.2	1.3	0.4	0	14.39
"DeRozan, DeMar"		F	SA	61	956	503	8	52.6	401	338	84.3	22.2	5.6	5.7	1	0.2	34.3
"Diakite, Mamadi"		F	FA														
"Diallo, Cheick"		C	PHO	44	137	89	1	65	37	32	86.5	4.8	0.5	2.9	0.2	0.3	10.64
"Diallo, Hamidou"		F	OKC	38	219	99	7	45.2	45	28	62.2	6.1	0.6	3.2	0.7	0.2	18.37
"Dieng, Gorgui"		C	MEM	58	343	158	51	46.1	83	61	73.5	7.4	1.2	5.8	0.8	1	17.5
"Dinwiddie, Spencer"		G	BKN	64	1021	424	123	41.5	446	347	77.8	20.6	6.8	3.5	0.6	0.3	31.19
"DiVincenzo, Donte"		G	MIL	59	452	209	76	46.2	78	60	76.9	9.4	2.3	4.9	1.4	0.3	23.1
"Doncic, Luka"		G	DAL	54	1111	512	156	46.1	491	369	75.2	28.7	8.7	9.3	1.1	0.2	33.28
"Dort, Luguentz"		G	OKC	29	157	65	22	41.4	36	28	77.8	6.2	0.7	1.9	0.8	0.1	22
"Dotson, Damyean"		G	CLE	48	290	120	59	41.4	33	22	66.7	6.7	1.2	1.9	0.5	0.1	17.42
"Dotson, Devon"		G	CHI														
"Doumbouya, Sekou"		F	DET	38	236	92	28	39	46	31	67.4	6.4	0.5	3.1	0.5	0.2	19.92
"Dozier, PJ"		G	DEN	21	91	36	7	39.6	11	7	63.6	4.1	1.4	1.4	0.3	0.2	11.05
"Dragic, Goran"		G	MIA	54	663	290	118	43.7	221	170	76.9	16.1	5.1	3.1	0.6	0.1	28.35
"Drummond, Andre"		C	CLE	57	784	418	5	53.3	294	169	57.5	17.7	2.7	15.2	1.9	1.6	32.96
"Dudley, Jared"		F	LAL	40	50	20	16	40	2	2	100	1.5	0.5	1.1	0.3	0.1	7.8
"Dunn, Kris"		G	ATL	51	342	152	29	44.4	54	40	74.1	7.3	3.4	3.6	2	0.3	24.86
"Durant, Kevin"		F	BKN														
"Edwards, Anthony"		G	MIN														
"Edwards, Carsen"		G	BOS	35	113	37	21	32.7	13	11	84.6	3	0.6	1.2	0.3	0.1	9.06
"Elleby, CJ"		F	POR														
"Ellenson, Henry"		F	TOR	5	7	1	0	14.3	0	0	0	0.4	0.2	1.2	0	0	3
"Ellington, Wayne"		G	DET	36	174	61	50	35.1	13	11	84.6	5.1	1.2	1.8	0.4	0.1	15.44
"Embiid, Joel"		C	PHI	44	701	332	56	47.4	382	311	81.4	23.4	3.1	11.8	0.9	1.3	30.18
"Ennis, James"		F	ORL	61	294	128	47	43.5	78	63	80.8	6	0.9	3.3	0.5	0.3	17.28
"Eubanks, Drew"		F	SA	14	28	21	1	75	11	8	72.7	3.6	0.4	2.5	0.1	0.4	9.29
"Evans, Jacob"		G	NY	29	134	45	13	33.6	29	25	86.2	4.4	1.1	1.4	0.4	0.4	14.41
"Exum, Dante"		G	CLE	35	119	56	15	47.1	43	32	74.4	4.5	1.1	1.9	0.4	0.2	13.83
"Fall, Tacko"		C	BOS	6	12	9	0	75	3	1	33.3	3.2	0	1.8	0	0.3	4.33
"Favors, Derrick"		"C,F"	UTH	45	305	189	1	62	62	36	58.1	9.2	1.7	9.9	0.6	1	24.16
"Felicio, Cristiano"		"C,F"	CHI	22	54	34	0	63	23	18	78.3	3.9	0.7	4.6	0.5	0.1	17.55
"Ferguson, Terrance"		F	PHI	50	199	74	46	37.2	19	15	78.9	4.2	0.9	1.5	0.5	0.3	23.36
"Fernando, Bruno"		C	ATL	56	199	103	5	51.8	51	29	56.9	4.3	0.9	3.5	0.3	0.3	12.7
"Ferrell, Yogi"		G	SAC	44	169	67	19	39.6	37	32	86.5	4.2	1.3	1.1	0.3	0.1	11.02
"Finney-Smith, Dorian"		F	DAL	64	457	214	99	46.8	97	70	72.2	9.3	1.5	5.5	0.7	0.6	29.67
"Flynn, Malachi"		G	TOR														
"Forbes, Bryn"		G	MIL	63	581	242	148	41.7	90	75	83.3	11.2	1.7	2	0.5	0	25.1
"Fournier, Evan"		G	ORL	61	869	408	165	47	205	168	82	18.8	3.2	2.6	1.1	0.2	31.69
"Fox, De'Aaron"		G	SAC	45	692	329	47	47.5	306	215	70.3	20.4	6.8	4	1.4	0.5	31.73
"Frazier, Melvin"		G	ORL	15	17	6	4	35.3	4	2	50	1.2	0.1	0.3	0.3	0.1	3.53
"Frazier, Michael"		G	HOU	8	11	4	2	36.4	6	4	66.7	1.8	0.1	0.4	0.3	0	8.13
"Frazier, Tim"		G	DET	27	94	34	10	36.2	24	19	79.2	3.6	3.4	1.2	0.5	0.1	13.15
"Fultz, Markelle"		G	ORL	64	676	320	30	47.3	141	102	72.3	12.1	5.2	3.3	1.3	0.2	28.31
"Gabriel, Wenyen"		F	NO	28	46	20	6	43.5	20	14	70	2.1	0.3	1.6	0.4	0.2	7.61
"Gafford, Daniel"		C	CHI	43	134	94	0	70.1	60	32	53.3	5.1	0.5	2.5	0.3	1.3	14.14
"Gallinari, Danilo"		F	ATL	55	749	329	165	43.9	264	234	88.6	19.2	2.1	5.5	0.7	0.1	30.73
"Galloway, Langston"		G	PHO	66	542	236	132	43.5	85	73	85.9	10.3	1.5	2.3	0.7	0.2	25.8
"Garland, Darius"		G	CLE	59	699	280	105	40.1	72	63	87.5	12.3	3.9	1.9	0.7	0.1	30.93
"Gasol, Marc"		C	LAL	36	236	99	51	41.9	36	26	72.2	7.6	3.4	6.3	0.8	0.9	27.42
"Gasol, Pau"		F	POR														
"Gay, Rudy"		F	SA	60	502	222	58	44.2	113	99	87.6	10	1.7	5.4	0.4	0.5	21.45
"George, Paul"		F	LAC	42	674	291	133	43.2	187	165	88.2	21	3.9	5.7	1.3	0.5	29.05
"Gibson, Taj"		"F,C"	NY	62	286	167	4	58.4	56	41	73.2	6.1	0.8	4.3	0.4	0.5	16.6
"Giles, Harry"		F	POR	38	207	116	0	56	43	33	76.7	7	1.3	4.2	0.6	0.4	15.24
"Gilgeous-Alexander, Shai"		G	OKC	63	935	442	78	47.3	317	254	80.1	19.3	3.3	6.1	1.1	0.7	35.17
"Gobert, Rudy"		C	UTH	62	506	353	0	69.8	367	228	62.1	15.1	1.5	13.7	0.8	2	34.56
"Goodwin, Brandon"		G	ATL	34	190	76	26	40	30	28	93.3	6.1	1.5	2.1	0.4	0.1	12.62
"Gordon, Aaron"		F	ORL	58	726	314	68	43.3	203	137	67.5	14.4	3.7	7.6	0.9	0.6	33.02
"Gordon, Eric"		G	HOU	34	438	162	92	37	103	78	75.7	14.5	1.5	1.9	0.6	0.4	28.59
"Graham, Devonte'"		G	CHA	63	963	368	218	38.2	233	191	82	18.2	7.5	3.4	1	0.2	35.06
"Graham, Treveon"		G	MIL	55	242	87	33	36	56	36	64.3	4.4	0.8	2.7	0.4	0.1	16.91
"Grant, Jerami"		F	DET	64	558	263	88	47.1	172	128	74.4	11.6	1.2	3.5	0.7	0.8	26.16
"Gray, Josh"		G	OKC	2	2	1	0	50	0	0	0	1	1	1	0	0	11
"Green, Danny"		G	PHI	61	425	178	113	41.9	44	32	72.7	8.2	1.4	3.4	1.2	0.5	25.02
"Green, Draymond"		F	GS	43	316	123	36	38.9	83	63	75.9	8	6.2	6.2	1.4	0.8	28.3
"Green, Gerald"		G	HOU														
"Green, JaMychal"		F	DEN	55	302	125	74	41.4	44	32	72.7	6.5	0.8	6.3	0.5	0.4	20.51
"Green, Javonte"		F	BOS	44	98	49	6	50	36	23	63.9	2.9	0.5	1.8	0.5	0.2	9.32
"Green, Jeff"		F	BKN	40	261	116	48	44.4	73	57	78.1	8.4	0.8	2.8	0.5	0.4	18.88
"Green, Josh"		G	DAL														
"Griffin, Blake"		F	DET	18	250	88	27	35.2	98	76	77.6	15.5	3.3	4.7	0.4	0.4	28.5
"Guduric, Marko"		G	MEM	42	154	61	25	39.6	25	23	92	4	1.1	1.7	0.3	0.2	11.29
"Guy, Kyle"		G	SAC	2	2	1	0	50	0	0	0	1	0	0	0	0	2
"Hachimura, Rui"		F	WAS	41	456	218	20	47.8	111	92	82.9	13.4	1.7	6	0.8	0.2	29.66
"Hagans, Ashton"		G	MIN														
"Haliburton, Tyrese"		G	SAC														
"Hall, Devon"		G	OKC	5	5	1	0	20	4	3	75	1	0.6	0.2	0	0	4.2
"Hall, Donta"		F	BKN	4	4	1	0	25	6	4	66.7	1.5	0.5	3.8	0.3	0.3	12
"Hampton, R.J."		G	DEN														
"Hannahs, Dusty"		G	MEM	2	9	4	2	44.4	2	2	100	6	0	0.5	0	0	6.5
"Hardaway, Tim"		G	DAL	63	792	346	185	43.7	151	121	80.1	15.8	2	3.1	0.6	0.1	28.79
"Harden, James"		G	HOU	61	1386	603	271	43.5	719	619	86.1	34.4	7.4	6.4	1.7	0.9	36.67
"Harkless, Maurice"		F	MIA	62	283	142	34	50.2	66	39	59.1	5.8	1.1	3.9	0.9	0.5	22.98
"Harper, Jared"		G	NY	3	4	1	0	25	0	0	0	0.7	0	0	0	0	2.67
"Harrell, Montrezl"		"C,F"	LAL	63	812	471	0	58	351	231	65.8	18.6	1.7	7.1	0.6	1.1	27.79
"Harris, Gary"		G	DEN	56	519	218	70	42	92	75	81.5	10.4	2.1	2.9	1.4	0.3	31.77
"Harris, Joe"		F	BKN	63	705	332	152	47.1	83	62	74.7	13.9	2.1	4.3	0.6	0.3	30.83
"Harris, Tobias"		F	PHI	65	1046	494	117	47.2	191	154	80.6	19.4	3.2	6.8	0.8	0.5	34.46
"Harrison, Shaquille"		G	UTH	43	165	77	16	46.7	50	39	78	4.9	1.1	2	0.8	0.4	11.3
"Hart, Josh"		F	NO	57	481	200	111	41.6	91	68	74.7	10.2	1.6	6.5	1	0.4	27.44
"Hartenstein, Isaiah"		C	DEN	23	67	44	0	65.7	28	19	67.9	4.7	0.8	3.9	0.4	0.5	11.52
"Haslem, Udonis"		"C,F"	MIA	3	6	1	0	16.7	4	3	75	1.7	0.3	2.7	0	0	7
"Hayes, Jaxson"		C	NO	56	235	155	1	66	173	109	63	7.5	0.9	4	0.4	0.9	16.95
"Hayes, Killian"		G	DET														
"Hayward, Gordon"		F	CHA	45	607	305	74	50.2	111	94	84.7	17.3	4.1	6.5	0.8	0.4	33.42
"Henson, John"		"C,F"	DET	40	171	95	8	55.6	46	23	50	5.5	1.4	4.1	0.6	1.1	15.08
"Hernandez, Dewan"		C	TOR	4	5	1	0	20	2	2	100	1	0	1.8	0.3	0	2.75
"Hernangomez, Juancho"		F	MIN	48	247	100	44	40.5	71	44	62	6	0.8	4.1	0.4	0.2	17.38
"Hernangomez, Willy"		C	NO	31	139	74	5	53.2	59	37	62.7	6.1	0.9	4.3	0.3	0.2	12.06
"Herro, Tyler"		G	MIA	47	532	220	99	41.4	79	66	83.5	12.9	1.9	4	0.6	0.1	27.15
"Hervey, Kevin"		F	OKC	7	11	1	0	9.1	0	0	0	0.3	0.1	0.3	0	0	2.57
"Hezonja, Mario"		F	MEM	47	189	81	21	42.9	51	42	82.4	4.8	0.9	3.4	0.6	0.2	16.4
"Hield, Buddy"		G	SAC	64	1062	456	244	42.9	131	112	85.5	19.8	3.1	4.8	0.9	0.3	31.92
"Hill, George"		G	OKC	52	336	178	73	53	83	69	83.1	9.6	2.9	3	0.8	0.1	21.17
"Hill, Solomon"		F	ATL	54	248	100	59	40.3	42	30	71.4	5.4	1.8	2.9	0.7	0.2	18.37
"Hinton, Nate"		G	FA														
"Hoard, Jaylen"		F	POR	13	32	15	0	46.9	13	8	61.5	2.9	0.3	2.5	0.4	0	7.92
"Holiday, Aaron"		G	IND	58	496	202	80	40.7	72	62	86.1	9.4	3.3	2.3	0.8	0.2	23.6
"Holiday, Jrue"		G	MIL	55	931	421	115	45.2	170	119	70	19.6	6.9	4.9	1.7	0.8	34.93
"Holiday, Justin"		G	IND	65	432	190	122	44	59	46	78	8.4	1.3	3.2	1.2	0.6	24.85
"Hollis-Jefferson, Rondae"		F	MIN	52	295	139	2	47.1	129	95	73.6	7.2	1.7	4.9	0.8	0.4	19.19
"Holmes, Richaun"		"C,F"	SAC	39	321	210	0	65.4	100	80	80	12.8	1	8.3	1	1.4	28.82
"Hood, Rodney"		F	POR	21	172	87	35	50.6	27	21	77.8	11	1.5	3.4	0.8	0.2	29.48
"Horford, Al"		"C,F"	OKC	60	654	289	89	44.2	73	55	75.3	12	4.1	6.9	0.9	0.9	30.77
"Horton-Tucker, Talen"		G	LAL	2	1	0	0	0	0	0	0	0	1	0	0.5	0	2.5
"House, Danuel"		F	HOU	58	482	206	113	42.7	85	68	80	10.2	1.3	4.2	1.1	0.6	29.98
"Howard, Dwight"		C	PHI	62	257	188	3	73.2	180	89	49.4	7.5	0.7	7.4	0.4	1.2	19.18
"Howard, Markus"		G	DEN														
"Howard, William"		G	HOU	2	4	0	0	0	0	0	0	0	0.5	1	0	0	6.5
"Huerter, Kevin"		G	ATL	56	610	252	127	41.3	64	53	82.8	12.2	3.8	4.1	0.9	0.5	31.48
"Hughes, Elijah"		G	UTH														
"Hunter, De'Andre"		F	ATL	63	683	280	108	41	144	110	76.4	12.3	1.8	4.5	0.7	0.3	31.97
"Hutchison, Chandler"		F	CHI	28	175	80	12	45.7	78	46	59	7.8	0.9	3.9	1	0.3	18.79
"Ibaka, Serge"		"C,F"	LAC	50	623	323	66	51.8	119	89	74.8	16	1.5	8.3	0.5	0.8	27.56
"Iguodala, Andre"		G	MIA	14	51	25	9	49	8	2	25	4.4	2	3.8	0.6	1.1	18.57
"Ilyasova, Ersan"		F	SAC	56	290	137	46	47.2	75	62	82.7	6.8	0.8	4.9	0.4	0.3	15.95
"Ingles, Joe"		F	UTH	64	494	218	123	44.1	84	65	77.4	9.8	5.2	4	0.9	0.1	29.95
"Ingram, Brandon"		F	NO	56	1006	469	137	46.6	330	283	85.8	24.3	4.3	6.3	1	0.7	34.25
"Irving, Kyrie"		G	BKN	20	416	199	56	47.8	102	94	92.2	27.4	6.4	5.2	1.4	0.5	32.95
"Isaac, Jonathan"	Out	F	ORL	32	322	149	30	46.3	73	56	76.7	12	1.4	6.9	1.6	2.4	29.69
"Iwundu, Wes"		F	DAL	45	194	77	21	39.7	76	62	81.6	5.3	1	2.5	0.6	0.2	18
"Jackson, Frank"		G	OKC	51	257	99	39	38.5	64	48	75	5.6	0.8	1.4	0.3	0.1	12.84
"Jackson, Jaren"		"F,C"	MEM	54	701	328	135	46.8	166	123	74.1	16.9	1.4	4.7	0.7	1.6	28.06
"Jackson, Josh"		G	DET	18	155	68	23	43.9	44	29	65.9	10.4	1.7	3.2	1	0.5	19.89
"Jackson, Justin"		F	OKC	58	311	124	45	39.9	44	36	81.8	5.7	0.8	2.4	0.2	0.2	16.03
"Jackson, Reggie"		G	LAC	23	257	107	45	41.6	43	35	81.4	12.8	4.4	2.9	0.4	0.2	24
"James, Justin"		G	SAC	33	78	33	9	42.3	21	10	47.6	2.6	0.5	0.9	0.2	0.3	6.64
"James, LeBron"		F	LAL	60	1176	586	133	49.8	343	239	69.7	25.7	10.6	7.9	1.2	0.5	34.88
"Jefferson, Amile"		F	BOS	18	14	5	0	35.7	14	5	35.7	0.8	0.2	1.3	0.1	0.2	4.17
"Jeffries, DaQuan"		G	SAC	6	7	3	1	42.9	0	0	0	1.2	0.2	0.2	0.2	0	3.17
"Jerome, Ty"		G	OKC	28	106	37	13	34.9	14	11	78.6	3.5	1.5	1.5	0.5	0.1	11.25
"Joe, Isaiah"		G	PHI														
"Johnson, Alize"		F	TOR	13	15	7	0	46.7	6	4	66.7	1.4	0.2	1.4	0	0	4.08
"Johnson, BJ"		F	MIA	8	18	5	1	27.8	2	2	100	1.6	0.3	0.8	0.3	0	6
"Johnson, Cameron"		F	PHO	49	325	136	91	41.8	46	35	76.1	8.1	1.1	2.9	0.6	0.3	20.24
"Johnson, James"		F	DAL	32	215	103	33	47.9	48	31	64.6	8.4	2.3	3.7	0.8	1	19.34
"Johnson, Keldon"		F	SA	9	31	16	2	51.6	10	7	70	4.6	0.7	1.9	0.6	0.1	10.11
"Johnson, Stanley"		F	TOR	20	31	8	2	25.8	6	5	83.3	1.2	0.4	1.1	0.2	0.1	4.8
"Johnson, Tyler"		G	BKN	31	171	65	24	38	32	24	75	5.7	1.6	1.7	0.4	0.3	16.65
"Jokic, Nikola"		C	DEN	65	969	512	71	52.8	268	218	81.3	20.2	6.9	10.2	1.2	0.7	32.29
"Jones, Damian"		C	PHO	55	178	121	2	68	84	62	73.8	5.6	0.6	3.7	0.5	0.7	16.11
"Jones, Derrick"		F	POR	51	323	166	34	51.4	113	88	77.9	8.9	1.1	4.2	1.1	0.7	24.53
"Jones, Tre"		G	SA														
"Jones, Tyrique"		F	FA														
"Jones, Tyus"		G	MEM	65	429	197	47	45.9	58	43	74.1	7.4	4.4	1.6	0.9	0.1	18.91
"Jordan, DeAndre"		C	BKN	56	287	191	0	66.6	122	83	68	8.3	1.9	10	0.3	0.9	21.98
"Joseph, Cory"		G	SAC	64	369	155	47	42	58	48	82.8	6.3	3.4	2.5	0.7	0.3	23.95
"Kabengele, Mfiondu"		C	LAC	12	32	14	9	43.8	5	5	100	3.5	0.2	0.9	0.2	0.2	5.33
"Kaminsky, Frank"		"C,F"	SAC	32	279	127	39	45.5	88	59	67	11	2.2	4.9	0.4	0.3	22.41
"Kanter, Enes"		C	POR	51	311	176	1	56.6	89	63	70.8	8.2	1	7.7	0.4	0.7	17.43
"Kennard, Luke"		G	LAC	28	342	151	73	44.2	75	67	89.3	15.8	4.1	3.5	0.4	0.2	32.89
"Kidd, Stanton"		F	UTH	4	3	0	0	0	0	0	0	0	0.3	0.8	0	0	3.75
"Kidd-Gilchrist, Michael"		F	NY	21	60	19	5	31.7	11	9	81.8	2.5	0.6	2.6	0.1	0.2	11
"King, Louis"		F	DET	10	21	8	4	38.1	3	0	0	2	0.5	1	0.2	0	6.2
"Kleber, Maxi"		"C,F"	DAL	66	466	214	107	45.9	80	69	86.3	9.2	1.2	5.4	0.3	1.2	25.65
"Knight, Brandon"		G	DET	25	167	59	45	35.3	34	20	58.8	7.3	2.8	1.6	0.4	0.1	18.4
"Knox, Kevin"		F	NY	65	401	144	65	35.9	101	66	65.3	6.4	0.9	2.8	0.4	0.4	17.95
"Konchar, John"		G	MEM	15	35	23	4	65.7	2	1	50	3.4	1.4	3.1	0.5	0.2	11
"Korkmaz, Furkan"		G	PHI	64	514	222	126	43.2	72	53	73.6	9.7	1.1	2.3	0.6	0.2	21.88
"Kornet, Luke"		"C,F"	CHI	36	187	82	31	43.9	28	20	71.4	6	0.9	2.3	0.3	0.7	15.56
"Korver, Kyle"		F	MIL	50	259	111	86	42.9	34	28	82.4	6.7	1.2	2.1	0.4	0.2	16.6
"Kurucs, Rodions"		F	BKN	39	134	60	25	44.8	28	17	60.7	4.2	0.8	2.5	0.4	0.1	12.72
"Kuzma, Kyle"		F	LAL	54	588	254	70	43.2	130	96	73.8	12.5	1.3	4.5	0.4	0.4	24.48
"Labissiere, Skal"		"C,F"	ATL	33	147	81	3	55.1	33	25	75.8	5.8	1.3	5.1	0.2	0.9	17.12
"Lamb, Jeremy"	Out	G	IND	46	479	216	53	45.1	110	92	83.6	12.5	2.1	4.3	1.2	0.5	28.07
"Langford, Romeo"	Out	G	BOS	27	64	24	5	37.5	23	16	69.6	2.6	0.2	1.2	0.3	0.2	10.96
"LaVine, Zach"		G	CHI	60	1199	539	184	45	334	268	80.2	25.5	4.2	4.8	1.5	0.5	34.77
"Law, Vic"		F	ORL	5	3	0	0	0	2	0	0	0	0	0.2	0	0	2
"Layman, Jake"		F	MIN	23	179	81	24	45.3	32	24	75	9.1	0.7	2.5	0.7	0.4	22
"Leaf, T.J."		F	OKC	25	69	30	5	43.5	12	7	58.3	2.9	0.2	2.6	0.3	0.1	7.64
"Lecque, Jalen"		G	IND	4	10	4	0	40	2	2	100	2.5	0.5	0	0	0	6.75
"Lee, Courtney"		G	DAL	24	82	40	21	48.8	7	6	85.7	4.5	0.5	1.3	0.8	0.3	14.33
"Lee, Damion"		G	GS	49	511	213	85	41.7	126	110	87.3	12.7	2.7	4.9	1	0.1	29
"Len, Alex"		"C,F"	TOR	49	302	168	14	55.6	91	58	63.7	8.3	1	6	0.4	0.9	18.24
"Leonard, Kawhi"		F	LAC	51	1016	476	107	46.9	350	311	88.9	26.9	5	7.3	1.8	0.6	32.22
"Leonard, Meyers"		"C,F"	MIA	49	223	116	51	52	26	17	65.4	6.1	1.1	5.1	0.3	0.3	20.16
"LeVert, Caris"		G	BKN	39	609	252	72	41.4	161	116	72	17.7	4.1	4.1	1.1	0.2	28.97
"Lewis, Kira"		G	NO														
"Lillard, Damian"		G	POR	58	1162	531	226	45.7	438	389	88.8	28.9	7.8	4.3	1	0.4	36.86
"Little, Nassir"		F	POR	48	151	65	14	43	44	28	63.6	3.6	0.5	2.3	0.3	0.3	11.94
"Looney, Kevon"		C	GS	20	79	29	1	36.7	12	9	75	3.4	1	3.3	0.6	0.3	13
"Lopez, Brook"		C	MIL	61	571	244	84	42.7	121	98	81	11	1.6	4.5	0.7	2.4	26.59
"Lopez, Robin"		C	WAS	60	273	137	33	50.2	43	23	53.5	5.5	0.7	2.4	0.2	0.7	14.4
"Love, Kevin"		"F,C"	CLE	56	727	327	146	45	219	187	85.4	17.6	3.2	9.8	0.6	0.3	31.73
"Lowry, Kyle"		G	TOR	52	741	309	153	41.7	296	255	86.1	19.7	7.7	4.8	1.3	0.4	36.63
"Luwawu-Cabarrot, Timothe"		G	BKN	39	192	78	39	40.6	62	52	83.9	6.3	0.6	2.3	0.4	0.2	17.21
"Lyles, Trey"		F	SA	63	343	153	65	44.6	45	33	73.3	6.4	1.1	5.7	0.4	0.4	20.25
"Macon, Daryl"		G	MIA	4	3	1	1	33.3	0	0	0	0.8	0.3	0	0	0	3.5
"Macura, J.P."		G	CLE	1	0	0	0	0	0	0	0	0	0	0	0	0	1
"Magette, Josh"		G	ORL	8	15	5	1	33.3	2	1	50	1.5	0.6	0.8	0.4	0.1	4.88
"Mahinmi, Ian"		C	WAS	38	210	104	5	49.5	113	70	61.9	7.4	1.3	5.7	0.8	1.2	21.18
"Maker, Thon"		C	CLE	60	193	93	22	48.2	110	73	66.4	4.7	0.7	2.8	0.4	0.7	12.97
"Maledon, Theo"		G	OKC														
"Mane, Karim"		G	FA														
"Mann, Terance"		G	LAC	35	54	22	3	40.7	12	9	75	1.6	1.1	0.9	0.2	0.1	7.66
"Mannion, Nico"		G	GS														
"Marjanovic, Boban"		C	DAL	37	173	96	4	55.5	47	36	76.6	6.3	0.4	4.1	0.2	0.2	9.11
"Markkanen, Lauri"		F	CHI	50	591	251	109	42.5	153	126	82.4	14.7	1.5	6.3	0.8	0.5	29.8
"Martin, Caleb"		F	CHA	18	84	37	20	44	21	17	81	6.2	1.3	2.1	0.7	0.4	17.67
"Martin, Cody"		F	CHA	48	207	89	18	43	65	42	64.6	5	2	3.3	0.8	0.2	18.75
"Martin , Jeremiah"		G	BKN	3	5	1	0	20	0	0	0	0.7	0.7	0.7	0.3	0.3	5.33
"Martin, Kelan"		F	IND	31	181	71	25	39.2	31	30	96.8	6.4	0.7	3.1	0.2	0.3	16.06
"Mason, Frank"		G	MIL	6	19	5	2	26.3	4	2	50	2.3	1.8	1.3	0.3	0	8.83
"Mathews, Garrison"		G	WAS	18	56	24	19	42.9	34	31	91.2	5.4	0.6	1.3	0.4	0.1	12.67
"Matthews, Wesley"		G	LAL	62	401	159	101	39.7	63	48	76.2	7.5	1.5	2.6	0.6	0.1	24.65
"Maxey, Tyrese"		G	PHI														
"Mbah a Moute, Luc"		F	HOU														
"McCaw, Patrick"		F	TOR	37	162	67	23	41.4	18	13	72.2	4.6	2.1	2.3	1.1	0.1	24.65
"McCollum, CJ"		G	POR	62	1212	549	174	45.3	164	123	75	22.5	4.3	4.1	0.7	0.6	35.98
"McConnell, T.J."		G	IND	63	362	187	5	51.7	36	30	83.3	6.5	5	2.6	0.7	0.2	18.86
"McDaniels, Jaden"		F	MIN														
"McDaniels, Jalen"		F	CHA	16	70	33	9	47.1	17	14	82.4	5.6	0.8	4.1	0.5	0.2	18.38
"McDermott, Doug"		F	IND	62	491	241	118	49.1	52	43	82.7	10.4	1.1	2.5	0.1	0.1	20.05
"McGee, JaVale"		C	CLE	61	283	181	3	64	75	49	65.3	6.8	0.6	5.8	0.5	1.5	16.72
"McGruder, Rodney"		G	DET	50	156	61	22	39.1	28	15	53.6	3.2	0.6	2.6	0.5	0.2	14.98
"McKinnie, Alfonzo"		F	LAL	40	171	73	14	42.7	31	22	71	4.6	0.4	2.8	0.6	0.2	14.75
"McLaughlin, Jordan"		G	MIN	30	178	87	29	48.9	39	26	66.7	7.6	4.2	1.6	1.1	0.1	19.63
"McLemore, Ben"		G	HOU	63	470	209	154	44.5	62	47	75.8	9.8	0.9	2.2	0.6	0.2	22.86
"McRae, Jordan"		G	DET	37	366	149	45	40.7	109	83	76.1	11.5	2.5	3.4	0.6	0.4	21.14
"Melli, Nicolo"		C	NO	52	278	123	65	44.2	60	44	73.3	6.8	1.3	3	0.6	0.4	17.08
"Melton, De'Anthony"		G	MEM	52	353	148	37	41.9	106	87	82.1	8.1	3	3.7	1.3	0.3	19.48
"Metu, Chimezie"		F	SAC	16	35	20	0	57.1	8	6	75	2.9	0.4	1.6	0.1	0.3	4.44
"Middleton, Khris"		F	MIL	55	850	424	133	49.9	196	178	90.8	21.1	4.1	6.2	0.9	0.1	30.05
"Mika, Eric"		F	SAC	1	3	2	0	66.7	2	2	100	6	0	7	0	0	19
"Miles, C.J."		G	WAS	10	59	19	11	32.2	20	15	75	6.4	1.2	1.2	1	0.4	15.9
"Miller, Darius"		F	OKC														
"Miller, Malcolm"		F	TOR	25	24	8	6	33.3	6	1	16.7	0.9	0.3	0.6	0.2	0.1	4.92
"Mills, Patty"		G	SA	63	576	247	148	42.9	108	93	86.1	11.7	1.8	1.6	0.8	0.1	22.63
"Millsap, Paul"		F	DEN	44	387	188	48	48.6	126	105	83.3	12	1.6	5.9	0.9	0.6	24.52
"Milton, Shake"		G	PHI	32	217	108	48	49.8	51	39	76.5	9.5	2.2	2.1	0.6	0.2	19.19
"Mitchell, Donovan"		G	UTH	63	1235	560	156	45.3	290	249	85.9	24.2	4.2	4.4	1	0.2	34.33
"Mitrou-Long, Naz"		G	IND	3	16	6	2	37.5	0	0	0	4.7	2.3	2	0.3	0.3	14.33
"Mokoka, Adam"		G	CHI	11	28	12	6	42.9	4	2	50	2.9	0.4	0.9	0.4	0	10.09
"Monk, Malik"		G	CHA	55	488	212	58	43.4	100	82	82	10.3	2.1	2.9	0.5	0.3	21.27
"Mooney, Matt"		G	CLE	4	4	1	0	25	0	0	0	0.5	0.3	0.8	0.5	0.3	4.75
"Moore, E'Twaun"		G	PHO	51	410	174	60	42.4	43	29	67.4	8.6	1.4	2.4	0.5	0.2	18.78
"Morant, Ja"		G	MEM	59	800	393	51	49.1	265	204	77	17.6	6.9	3.5	0.9	0.3	30.02
"Morgan, Juwan"		F	UTH	16	17	9	1	52.9	0	0	0	1.2	0.1	1.2	0	0.1	4.69
"Morris, Marcus"		F	LAC	55	750	325	133	43.3	209	172	82.3	17.4	1.4	5.1	0.8	0.5	31.38
"Morris, Markieff"		F	LAL	52	425	189	81	44.5	83	65	78.3	10.1	1.4	3.8	0.5	0.3	21.31
"Morris, Monte"		G	DEN	65	484	222	54	45.9	62	51	82.3	8.4	3.5	1.7	0.8	0.2	21.58
"Motley, Johnathan"		F	PHO	13	15	11	1	73.3	7	5	71.4	2.2	0.6	0.8	0.2	0	3.15
"Mudiay, Emmanuel"		G	UTH	48	289	136	27	47.1	69	52	75.4	7.3	2.2	2.4	0.4	0.2	15.71
"Mulder, Mychal"		G	GS	7	67	26	16	38.8	12	9	75	11	1.1	3.3	0.3	0.1	29.14
"Murray, Dejounte"		G	SA	58	537	255	34	47.5	94	75	79.8	10.7	4.1	5.8	1.7	0.3	24.91
"Murray, Jamal"		G	DEN	55	846	385	105	45.5	177	158	89.3	18.8	4.8	3.9	1.2	0.3	32.82
"Musa, Dzanan"		F	DET	35	139	50	15	36	44	33	75	4.2	0.9	2	0.4	0	11.6
"Muscala, Mike"		"C,F"	OKC	41	159	64	43	40.3	22	18	81.8	4.6	0.8	2.3	0.2	0.3	12
"Mykhailiuk, Svi"		F	DET	56	405	166	115	41	70	57	81.4	9	1.9	1.9	0.7	0.1	22.63
"Nader, Abdel"		F	PHO	48	220	100	39	45.5	62	48	77.4	6	0.7	1.9	0.4	0.4	15.69
"Nance, Larry"		C	CLE	56	431	229	56	53.1	74	50	67.6	10.1	2.2	7.3	1	0.4	26.3
"Napier, Shabazz"		G	WAS	51	413	170	71	41.2	141	116	82.3	10.3	5	2.9	1.3	0.2	24.24
"Nene,  "		C	ATL														
"Nesmith, Aaron"		G	BOS														
"Neto, Raul"		G	WAS	49	175	79	28	45.1	31	26	83.9	4.3	1.6	1.1	0.4	0.1	11.47
"Newman, Malik"		G	CLE	1	2	0	0	0	2	2	100	2	0	0	0	0	4
"Niang, Georges"		F	UTH	58	265	120	77	45.3	22	19	86.4	5.8	0.6	1.9	0.2	0.1	13.33
"Nnaji, Zeke"		"F,C"	DEN														
"Noah, Joakim"		C	LAC														
"Noel, Nerlens"		"C,F"	NY	55	254	174	1	68.5	98	75	76.5	7.7	1	4.9	1	1.5	18.47
"Norvell, Zach"		G	CHI	5	12	3	3	25	1	1	100	2	0.6	1.2	0.4	0	8.2
"Nowell, Jaylen"		G	MIN	15	53	19	3	35.8	17	16	94.1	3.8	1.3	0.9	0.2	0.1	10.2
"Ntilikina, Frank"		G	NY	57	333	131	44	39.3	59	51	86.4	6.3	3	2.1	0.9	0.3	20.86
"Nunn, Kendrick"		G	MIA	62	850	381	131	44.8	92	77	83.7	15.6	3.4	2.7	0.8	0.2	29.74
"Nurkic, Jusuf"		C	POR														
"Nwaba, David"		G	HOU	20	71	37	12	52.1	27	18	66.7	5.2	0.4	2.3	0.6	0.6	13.25
"Nwora, Jordan"		F	MIL														
"O'Neale, Royce"		F	UTH	64	321	141	82	43.9	49	36	73.5	6.3	2.5	5.3	0.7	0.4	29.09
"O'Quinn, Kyle"		C	PHI	26	72	35	7	48.6	19	10	52.6	3.3	1.3	3.8	0.2	0.8	9.88
"Ojeleye, Semi"		F	BOS	61	159	65	36	40.9	28	25	89.3	3.1	0.5	2	0.3	0.1	14.57
"Okafor, Jahlil"		C	DET	28	144	88	1	61.1	58	37	63.8	7.6	1.3	4.3	0.3	0.7	15.07
"Okeke, Chuma"		F	ORL														
"Okobo, Elie"		G	PHO	54	181	72	25	39.8	67	46	68.7	4	2.1	1.6	0.4	0.1	13.09
"Okogie, Josh"		G	MIN	62	398	170	41	42.7	191	152	79.6	8.6	1.6	4.3	1.1	0.4	24.92
"Okongwu, Onyeka"		"F,C"	ATL														
"Okpala, KZ"		F	MIA	5	5	3	0	60	2	1	50	1.4	0.2	1	0.4	0.2	5
"Oladipo, Victor"		G	IND	13	161	63	21	39.1	41	32	78	13.8	3	3.2	0.8	0.2	25.85
"Olynyk, Kelly"		C	MIA	59	317	151	80	47.6	82	70	85.4	7.7	1.6	4.4	0.6	0.3	18.46
"Oni, Miye"		G	UTH	5	2	0	0	0	0	0	0	0	0	0.4	0	0	2.4
"Osman, Cedi"		F	CLE	65	609	266	123	43.7	94	63	67	11	2.4	3.6	0.8	0.2	29.37
"Oturu, Daniel"		C	LAC														
"Oubre, Kelly"		F	GS	56	826	373	108	45.2	246	192	78	18.7	1.5	6.4	1.3	0.7	34.54
"Owens, Tariq"		F	PHO	3	5	1	0	20	2	2	100	1.3	0	1	0.3	0	5.33
"Pargo, Jeremy"		G	GS	3	22	11	3	50	1	0	0	8.3	2.7	1	0.3	0	14.67
"Parker, Jabari"		F	SAC	33	399	199	31	49.9	74	55	74.3	14.7	1.8	5.9	1.3	0.5	25.85
"Parsons, Chandler"		F	ATL	5	18	5	4	27.8	0	0	0	2.8	0.6	1.4	0.8	0.2	10.6
"Paschall, Eric"		F	GS	60	640	318	37	49.7	212	164	77.4	14	2.1	4.6	0.5	0.2	27.57
"Pasecniks, Anzejs"		C	WAS	24	106	56	0	52.8	54	32	59.3	6	0.7	4.1	0.3	0.5	16.88
"Patterson, Patrick"		F	LAC	51	188	76	55	40.4	34	27	79.4	4.6	0.6	2.4	0.1	0.1	11.9
"Patton, Justin"		C	MIL	5	10	4	1	40	0	0	0	1.8	0.4	1	0	0	5
"Paul, Chris"		G	PHO	63	805	394	101	48.9	250	225	90	17.7	6.8	4.9	1.6	0.1	31.75
"Payton, Elfrid"		G	NY	45	440	193	14	43.9	86	49	57	10	7.2	4.7	1.6	0.4	27.69
"Payton II, Gary"		G	WAS	29	116	48	13	41.4	8	4	50	3.9	1.7	2.8	1.1	0.2	14.9
"Pelle, Norvel"		C	PHI	20	35	18	0	51.4	12	6	50	2.1	0.4	3	0.1	1.3	9
"Perry, Reggie"		F	BKN														
"Petrusev, Filip"		C	FA														
"Pinson, Theo"		G	NY	33	155	45	15	29	16	15	93.8	3.6	1.7	1.6	0.5	0.1	11.09
"Plumlee, Mason"		C	DET	53	248	153	0	61.7	138	74	53.6	7.2	2.4	5.3	0.5	0.6	16.96
"Poeltl, Jakob"		C	SA	58	218	135	0	61.9	74	36	48.6	5.3	1.8	5.3	0.5	1.4	16.6
"Poirier, Vincent"		C	PHI	21	33	16	1	48.5	7	6	85.7	1.9	0.3	1.6	0.1	0.3	5.38
"Pokusevski, Aleksej"		C	OKC														
"Ponds, Shamorie"		G	TOR	4	5	3	1	60	2	2	100	2.3	0.5	0.3	0	0.3	2.75
"Poole, Jordan"		G	GS	57	502	167	74	33.3	119	95	79.8	8.8	2.4	2.1	0.6	0.2	22.4
"Porter, Kevin"		F	CLE	50	421	186	53	44.2	101	73	72.3	10	2.2	3.2	0.9	0.3	23.24
"Porter, Michael"		F	DEN	48	285	141	43	49.5	43	33	76.7	7.5	0.7	4.1	0.4	0.4	13.94
"Porter, Otto"		F	CHI	14	140	62	24	44.3	27	19	70.4	11.9	1.8	3.4	1.1	0.4	23.5
"Portis, Bobby"		"C,F"	MIL	66	589	265	67	45	93	71	76.3	10.1	1.5	5.1	0.5	0.3	21.11
"Porzingis, Kristaps"	Out	"F,C"	DAL	51	808	339	126	42	228	177	77.6	19.2	1.7	9.5	0.7	2.1	31.31
"Powell, Dwight"		"C,F"	DAL	40	229	146	10	63.8	111	74	66.7	9.4	1.5	5.7	0.9	0.6	26.45
"Powell, Norman"		G	TOR	44	516	259	94	50.2	130	109	83.8	16.4	1.8	3.7	1.3	0.4	28.91
"Prince, Taurean"		F	BKN	64	739	278	146	37.6	89	71	79.8	12.1	1.8	6	0.9	0.4	29.05
"Pritchard, Payton"		G	BOS														
"Quickley, Immanuel"		G	NY														
"Ramsey, Jahmi'us"		G	SAC														
"Randle, Chasson"		G	OKC	3	4	0	0	0	6	5	83.3	1.7	1.7	0.7	0.7	0	13.67
"Randle, Julius"		F	NY	64	1006	463	64	46	352	258	73.3	19.5	3.1	9.7	0.8	0.3	32.53
"Reaves, Josh"		G	DAL	2	1	0	0	0	0	0	0	0	0	0	0	0	0.5
"Reddish, Cam"		F	ATL	58	554	213	83	38.4	126	101	80.2	10.5	1.5	3.7	1.1	0.5	26.71
"Redick, JJ"		G	NO	54	558	251	156	45	163	147	90.2	14.9	2	2.6	0.4	0.2	26.37
"Reed, Paul"		F	PHI														
"Reid, Naz"		C	MIN	30	243	100	32	41.2	53	37	69.8	9	1.2	4.1	0.6	0.7	16.53
"Reynolds, Cameron"		G	SA														
"Richards, Nick"		C	CHA														
"Richardson, Josh"		G	DAL	48	574	246	70	42.9	128	101	78.9	13.8	3.1	3.4	0.9	0.7	30.75
"Riller, Grant"		G	CHA														
"Rivers, Austin"		G	NY	60	432	182	83	42.1	90	60	66.7	8.5	1.6	2.4	0.7	0.2	23.37
"Roberson, Andre"		G	OKC														
"Robinson, Duncan"		F	MIA	65	613	286	243	46.7	53	48	90.6	13.3	1.4	3.3	0.5	0.2	29.94
"Robinson, Glenn"		F	SAC	60	578	281	74	48.6	83	72	86.7	11.8	1.6	4.3	0.9	0.3	29.03
"Robinson, Jerome"		G	WAS	55	216	75	31	34.7	29	20	69	3.7	1.2	1.9	0.4	0.3	13.6
"Robinson, Justin"		G	PHI	9	12	5	3	41.7	0	0	0	1.4	0.8	0.6	0	0.1	5.44
"Robinson, Mitchell"		C	NY	61	341	253	0	74.2	148	84	56.8	9.7	0.6	7	0.9	2	23.1
"Roby, Isaiah"		F	OKC	3	1	0	0	0	0	0	0	0	0	0.7	0	0	3.67
"Rondo, Rajon"		G	ATL	48	328	137	41	41.8	41	27	65.9	7.1	5	3	0.8	0	20.5
"Rose, Derrick"		G	DET	50	753	369	45	49	139	121	87.1	18.1	5.6	2.4	0.8	0.3	25.98
"Ross, Terrence"		G	ORL	63	777	316	162	40.7	161	136	84.5	14.8	1.2	3.2	1.1	0.3	27.35
"Rozier, Terry"		G	CHA	63	941	398	172	42.3	190	166	87.4	18	4.1	4.4	1	0.2	34.35
"Rubio, Ricky"		G	MIN	57	611	252	66	41.2	204	174	85.3	13.1	8.9	4.6	1.5	0.2	31.67
"Russell, D'Angelo"		G	MIN	45	846	360	158	42.6	199	161	80.9	23.1	6.3	3.9	1	0.3	32.22
"Sabonis, Domantas"		C	IND	62	848	458	17	54	296	214	72.3	18.5	5	12.4	0.8	0.5	34.84
"Samanic, Luka"		F	SA	1	4	0	0	0	0	0	0	0	3	2	0	0	12
"Sampson, JaKarr"		F	IND	26	81	48	2	59.3	20	11	55	4.2	0.3	2.3	0.3	0.3	13.08
"Saric, Dario"		F	PHO	58	470	217	73	46.2	95	79	83.2	10.1	1.9	5.9	0.6	0.3	24.88
"Satoransky, Tomas"		G	CHI	65	551	237	64	43	121	106	87.6	9.9	5.4	3.9	1.2	0.1	28.91
"Schofield, Admiral"		F	OKC	27	75	30	14	40	13	9	69.2	3.1	0.5	1.3	0.3	0.1	10.89
"Schroder, Dennis"		G	LAL	63	945	442	122	46.8	230	193	83.9	19	4.1	3.7	0.7	0.2	30.94
"Scott, Mike"		F	PHI	63	319	130	73	40.8	30	25	83.3	5.7	0.8	3.6	0.3	0.1	17.7
"Scrubb, Jay"		G	LAC														
"Sefolosha, Thabo"		F	HOU	41	91	37	15	40.7	8	3	37.5	2.2	0.6	2.3	0.6	0.3	10.51
"Sexton, Collin"		G	CLE	65	1086	513	97	47.2	267	226	84.6	20.8	3	3.1	1	0.1	32.89
"Shamet, Landry"		G	BKN	47	351	146	105	41.6	63	57	90.5	9.7	1.9	1.9	0.4	0.2	27.47
"Shayok, Marial"		G	PHI	2	5	1	1	20	0	0	0	1.5	0.5	1.5	0	0	5
"Shumpert, Iman"		G	BKN	13	64	21	8	32.8	7	4	57.1	4.2	0.9	2.6	0.9	0.2	18.62
"Siakam, Pascal"		F	TOR	53	1000	459	115	45.9	275	220	80	23.6	3.6	7.5	1	0.9	35.53
"Silva, Chris"		F	MIA	41	69	43	0	62.3	49	34	69.4	2.9	0.5	2.7	0.2	0.4	7.41
"Simmons, Ben"		G	PHI	54	617	361	2	58.5	284	178	62.7	16.7	8.2	7.8	2.1	0.6	35.76
"Simons, Anfernee"		G	POR	65	525	211	74	40.2	92	76	82.6	8.8	1.5	2.3	0.4	0.2	21.54
"Smailagic, Alen"		F	GS	14	40	20	3	50	19	16	84.2	4.2	0.9	1.9	0.2	0.3	9.93
"Smart, Marcus"		G	BOS	53	632	240	128	38	127	106	83.5	13.5	4.8	3.8	1.6	0.5	32.42
"Smith, Dennis"		G	NY	34	211	72	16	34.1	53	27	50.9	5.5	2.9	2.3	0.8	0.2	15.82
"Smith, Ish"		G	WAS	60	581	262	55	45.1	70	48	68.6	10.5	4.8	3.2	0.9	0.4	26.1
"Smith, Jalen"		F	PHO														
"Smith, JR"		G	LAL														
"Smith, Zhaire"		G	DET	7	11	3	0	27.3	4	2	50	1.1	0.3	0.3	0.4	0	4.57
"Snell, Tony"		F	ATL	59	382	170	102	44.5	32	32	100	8	2.2	1.9	0.5	0.3	27.85
"Spellman, Omari"		F	NY	49	295	127	43	43.1	92	73	79.3	7.6	1	4.5	0.7	0.5	18.08
"Stanley, Cassius"		G	IND														
"Stevens, Lamar"		F	CLE														
"Stewart, Isaiah"		"C,F"	DET														
"Strus, Max"		G	MIA	2	3	2	0	66.7	1	1	100	2.5	0	0.5	0	0	3
"Sumner, Edmond"		G	IND	25	111	47	10	42.3	15	10	66.7	4.6	1.6	1.5	0.6	0.3	13.8
"Swanigan, Caleb"		F	POR	27	47	28	0	59.6	17	9	52.9	2.4	1.1	3.7	0.1	0.3	10.63
"Tatum, Jayson"		F	BOS	59	1113	499	167	44.8	279	225	80.6	23.6	2.9	7.1	1.4	0.9	34.68
"Teague, Jeff"		G	BOS	59	489	213	43	43.6	197	172	87.3	10.9	5.2	2.4	0.7	0.3	24.83
"Temple, Garrett"		G	CHI	55	524	198	112	37.8	73	56	76.7	10.3	2.6	3.5	0.8	0.5	28.07
"Terry, Tyrell"		G	DAL														
"Theis, Daniel"		C	BOS	58	382	216	26	56.5	106	81	76.4	9.3	1.6	6.6	0.6	1.3	23.86
"Thomas, Isaiah"		G	WAS	40	426	174	78	40.8	76	62	81.6	12.2	3.7	1.7	0.3	0.2	23.1
"Thomas, Khyri"		G	DET	8	17	5	5	29.4	4	2	50	2.1	0.4	0.1	0.4	0	7.75
"Thomas, Lance"		F	BKN														
"Thomas, Matt"		G	TOR	33	111	54	35	48.6	10	7	70	4.5	0.5	1.5	0.2	0	9.79
"Thompson, Klay"	Out	G	GS														
"Thompson, Tristan"		"C,F"	BOS	57	562	288	9	51.2	161	99	61.5	12	2.1	10.1	0.6	0.9	30.23
"Thybulle, Matisse"		G	PHI	57	234	96	50	41	41	25	61	4.7	1.2	1.5	1.4	0.7	19.47
"Tillman, Xavier"		F	MEM														
"Tolliver, Anthony"		F	MEM	47	155	54	39	34.8	25	18	72	3.5	0.7	2.8	0.3	0.2	15.6
"Toscano-Anderson, Juan"		F	GS	13	63	29	8	46	5	3	60	5.3	2	4	1	0.4	21
"Towns, Karl-Anthony"		C	MIN	35	622	316	114	50.8	226	180	79.6	26.5	4.4	10.8	0.9	1.2	33.86
"Trent, Gary"		G	POR	53	350	149	78	42.6	36	30	83.3	7.7	0.9	1.7	0.7	0.2	19.96
"Trier, Allonzo"		G	NY	24	106	51	19	48.1	43	34	79.1	6.5	1.2	1.2	0.1	0.2	12.04
"Tucker, P.J."		F	HOU	64	374	162	95	43.3	44	37	84.1	7.1	1.6	6.9	1.1	0.5	34.44
"Tucker, Rayjon"		G	LAC	14	19	8	0	42.1	5	3	60	1.4	0.1	0.9	0.1	0	5.64
"Turner, Evan"		G	MIN	19	67	25	0	37.3	14	12	85.7	3.3	2	2	0.5	0.4	13.26
"Turner, Myles"		"C,F"	IND	55	517	233	77	45.1	144	108	75	11.8	1.1	6.5	0.8	2.2	29.53
"Uthoff, Jarrod"		F	NO	4	7	1	0	14.3	2	2	100	1	0	0.3	0.3	0	3.25
"Valanciunas, Jonas"		C	MEM	62	657	385	29	58.6	168	123	73.2	14.9	1.8	11.2	0.4	1.1	26.26
"Valentine, Denzel"		F	CHI	36	237	97	46	40.9	8	6	75	6.8	1.2	2.1	0.7	0.2	13.58
"Vanderbilt, Jarred"		F	MIN	11	8	5	0	62.5	2	2	100	1.1	0.2	0.8	0.3	0.1	4.18
"VanVleet, Fred"		G	TOR	48	701	287	131	40.9	166	140	84.3	17.6	6.6	3.8	1.9	0.3	35.79
"Vassell, Devin"		G	SA														
"Vincent, Gabe"		G	MIA	6	19	4	4	21.1	0	0	0	2	0.5	0.5	0.2	0	6.83
"Vonleh, Noah"		"C,F"	CHI	33	89	50	3	56.2	30	24	80	3.8	0.8	3.7	0.3	0.2	11.06
"Vucevic, Nikola"		C	ORL	54	910	428	82	47	146	114	78.1	19.5	3.7	11	0.9	0.9	32.63
"Wade, Dean"		F	CLE	12	13	9	2	69.2	1	0	0	1.7	0.2	1.6	0.2	0.3	5.92
"Wagner, Moritz"		C	WAS	37	228	131	23	57.5	82	67	81.7	9.5	1.3	5.2	0.6	0.5	19.16
"Waiters, Dion"		G	LAL	3	26	10	8	38.5	1	0	0	9.3	1	3.7	0	0.7	14
"Walker, Kemba"	Out	G	BOS	50	832	350	165	42.1	225	195	86.7	21.2	4.9	4.1	0.9	0.5	31.84
"Walker, Lonnie"		G	SA	53	267	116	29	43.4	53	38	71.7	5.6	0.9	2.2	0.5	0.2	14.42
"Wall, John"		G	HOU														
"Wallace, Tyrone"		G	ATL	14	44	14	1	31.8	17	11	64.7	2.9	0.9	1.6	0.5	0.1	11.5
"Walton, Derrick"		G	PHI	26	39	18	10	46.2	9	7	77.8	2	1	0.6	0.3	0	9.54
"Wanamaker, Brad"		G	GS	63	318	136	33	42.8	116	108	93.1	6.6	2.5	2	0.8	0.2	19.29
"Warren, T.J."	Out	F	IND	61	869	460	69	52.9	186	151	81.2	18.7	1.4	4	1.1	0.4	32.52
"Washington, P.J."		F	CHA	58	589	268	86	45.5	136	88	64.7	12.2	2.1	5.4	0.9	0.8	30.31
"Watanabe, Yuta"		G	TOR	16	29	12	3	41.4	8	3	37.5	1.9	0.3	1.1	0.3	0.1	6.13
"Waters, Tremont"		G	BOS	10	35	12	3	34.3	6	6	100	3.3	1.2	0.9	0.5	0.2	9
"Watson, Paul"		F	TOR	5	8	0	0	0	2	1	50	0.2	1	0.8	0.2	0.2	5.2
"Weatherspoon, Quinndary"		G	SA	3	3	0	0	0	0	0	0	0	0.3	0.3	0	0	5
"Westbrook, Russell"		G	WAS	53	1199	568	51	47.4	346	269	77.7	27.5	7	8	1.7	0.3	35.92
"White, Coby"		G	CHI	65	792	312	133	39.4	129	102	79.1	13.2	2.7	3.5	0.8	0.1	25.8
"White, Derrick"		G	SA	61	464	213	57	45.9	175	150	85.7	10.4	3.4	3.2	0.6	0.9	24.1
"Whiteside, Hassan"		C	SAC	61	676	418	4	61.8	225	153	68	16.3	1.2	14.2	0.4	3.1	31.31
"Wiggins, Andrew"		F	GS	54	978	437	111	44.7	268	190	70.9	21.8	3.7	5.1	0.8	1	34.39
"Wiley, Austin"		C	FA														
"Williams, Grant"		F	BOS	62	192	80	21	41.7	51	37	72.5	3.5	1	2.6	0.5	0.5	15.63
"Williams, Johnathan"		C	WAS	11	25	16	0	64	5	3	60	3.2	0.5	3.9	0.1	0.5	12.18
"Williams, Kenrich"		F	OKC	35	143	49	25	34.3	24	9	37.5	3.8	1.5	5.1	0.7	0.6	22.14
"Williams, Lou"		G	LAC	60	883	367	107	41.6	322	278	86.3	18.7	5.7	3.1	0.7	0.2	29.32
"Williams, Marvin"		F	MIL	52	249	110	52	44.2	54	47	87	6.1	1.1	2.8	0.7	0.5	19.42
"Williams, Patrick"		F	CHI														
"Williams, Robert"		C	BOS	23	62	42	0	67.7	25	14	56	4.3	1	4.7	0.9	1.2	14.09
"Williams-Goss, Nigel"		G	UTH	9	7	1	0	14.3	2	2	100	0.4	0.6	0.6	0.1	0.1	3.11
"Williamson, Zion"		F	NO	19	292	172	6	58.9	152	98	64.5	23.6	2.2	6.8	0.8	0.5	29.68
"Wilson, D.J."		F	MIL	31	101	40	14	39.6	9	6	66.7	3.2	0.7	2.2	0.1	0.2	9.06
"Windler, Dylan"		G	CLE														
"Winslow, Justise"		F	MEM	11	129	50	6	38.8	27	18	66.7	11.3	4	6.6	0.6	0.5	32.09
"Winston, Cassius"		G	WAS														
"Wiseman, James"		C	GS														
"Wood, Christian"		F	HOU	62	508	288	54	56.7	242	180	74.4	13.1	1	6.3	0.5	0.9	21.27
"Wright, Delon"		G	DET	65	381	179	45	47	90	71	78.9	7.3	3.4	4	1.2	0.3	21.74
"Wright-Foreman, Justin"		G	UTH	1	0	0	0	0	0	0	0	0	0	0	0	0	2
"Young, Thaddeus"		F	CHI	64	601	269	79	44.8	72	42	58.3	10.3	1.8	4.9	1.4	0.4	24.91
"Young, Trae"		G	ATL	60	1249	546	205	43.7	559	481	86	29.6	9.3	4.3	1.1	0.1	35.32
"Zeller, Cody"		"C,F"	CHA	58	479	251	18	52.4	179	122	68.2	11.1	1.5	7.1	0.7	0.4	23.16
"Zizic, Ante"		C	CLE	22	72	41	0	56.9	19	14	73.7	4.4	0.3	3	0.3	0.2	10.09
"Zubac, Ivica"		C	LAC	64	336	202	0	60.1	141	107	75.9	8	1.1	7.2	0.2	0.9	18.05